menu_date_updated,image_url,rating,mobile_url,review_count,url,is_claimed,menu_provider,snippet_text,rating_img_url,snippet_image_url,display_phone,rating_img_url_large,phone,name,rating_img_url_small,location,categories,id,is_closed
1477551330,https://s3-media3.fl.yelpcdn.com/bphoto/r4nEOV-ucnq0pOXRBfQ5Fg/ms.jpg,4.5,https://m.yelp.com/biz/sid-golds-request-room-new-york?adjust_creative=NucDGu-AyqiKD-J-G5hGWg&utm_campaign=yelp_api&utm_medium=api_v2_search&utm_source=NucDGu-AyqiKD-J-G5hGWg,50,https://www.yelp.com/biz/sid-golds-request-room-new-york?adjust_creative=NucDGu-AyqiKD-J-G5hGWg&utm_campaign=yelp_api&utm_medium=api_v2_search&utm_source=NucDGu-AyqiKD-J-G5hGWg,false,single_platform,"So much fun!  Great piano players. Our group thought we'd pop in. Ended up staying for hours. How have I never come here before?  Will be back for sure!",https://s3-media2.fl.yelpcdn.com/assets/2/www/img/99493c12711e/ico/stars/v1/stars_4_half.png,https://s3-media1.fl.yelpcdn.com/photo/uBuKwt_oO0_zEVg1evySiA/ms.jpg,+1-212-229-1948,https://s3-media4.fl.yelpcdn.com/assets/2/www/img/9f83790ff7f6/ico/stars/v1/stars_large_4_half.png,2122291948,Sid Gold's Request Room,https://s3-media2.fl.yelpcdn.com/assets/2/www/img/a5221e66bc70/ico/stars/v1/stars_small_4_half.png,"{cross_streets:Avenue Of The Americas & 7th Ave,country_code:US,neighborhoods:[Chelsea],address:[165 W 26th St],coordinate:{latitude:40.7459564208984,longitude:-73.9935836791992},city:New York,geo_accuracy:8,display_address:[165 W 26th St,Chelsea,New York, NY 10001],postal_code:10001,state_code:NY}","[[Cocktail Bars,cocktailbars],[Desserts,desserts],[Pizza,pizza]]",sid-golds-request-room-new-york,false
,https://s3-media4.fl.yelpcdn.com/bphoto/oZzHOcXySkL-tCOFJy20jw/ms.jpg,4.5,https://m.yelp.com/biz/gersi-brooklyn?adjust_creative=NucDGu-AyqiKD-J-G5hGWg&utm_campaign=yelp_api&utm_medium=api_v2_search&utm_source=NucDGu-AyqiKD-J-G5hGWg,63,https://www.yelp.com/biz/gersi-brooklyn?adjust_creative=NucDGu-AyqiKD-J-G5hGWg&utm_campaign=yelp_api&utm_medium=api_v2_search&utm_source=NucDGu-AyqiKD-J-G5hGWg,true,,"Everything from start to finish was amazing.We started with the mozzarella di buffala and the mushroom toast- both tasty and seasoned well. We had the...",https://s3-media2.fl.yelpcdn.com/assets/2/www/img/99493c12711e/ico/stars/v1/stars_4_half.png,https://s3-media2.fl.yelpcdn.com/photo/dnwMx3T5Dvj7Sh6-TlWnlQ/ms.jpg,+1-347-889-5077,https://s3-media4.fl.yelpcdn.com/assets/2/www/img/9f83790ff7f6/ico/stars/v1/stars_large_4_half.png,3478895077,Gersi,https://s3-media2.fl.yelpcdn.com/assets/2/www/img/a5221e66bc70/ico/stars/v1/stars_small_4_half.png,"{cross_streets:Degraw St & Sackett St,country_code:US,neighborhoods:[Carroll Gardens],address:[316 Court St],coordinate:{latitude:40.68344,longitude:-73.99571},city:Brooklyn,geo_accuracy:8,display_address:[316 Court St,Carroll Gardens,Brooklyn, NY 11231],postal_code:11231,state_code:NY}","[[Italian,italian],[Wine Bars,wine_bars]]",gersi-brooklyn,false
,https://s3-media2.fl.yelpcdn.com/bphoto/tF87fRUp3JlmsYa6CzZLnA/ms.jpg,3.5,https://m.yelp.com/biz/o-donoghues-pub-new-york?adjust_creative=NucDGu-AyqiKD-J-G5hGWg&utm_campaign=yelp_api&utm_medium=api_v2_search&utm_source=NucDGu-AyqiKD-J-G5hGWg,97,https://www.yelp.com/biz/o-donoghues-pub-new-york?adjust_creative=NucDGu-AyqiKD-J-G5hGWg&utm_campaign=yelp_api&utm_medium=api_v2_search&utm_source=NucDGu-AyqiKD-J-G5hGWg,false,,"Very accommodating staff. Friendly and engaging.Had Angus burger w/fries and Mederterrian salad.Fantastic. Delicate dressing, everything was great. Local...",https://s3-media1.fl.yelpcdn.com/assets/2/www/img/5ef3eb3cb162/ico/stars/v1/stars_3_half.png,https://s3-media2.fl.yelpcdn.com/photo/alUamZn1SSAY81EyLxol7w/ms.jpg,+1-212-997-2262,https://s3-media3.fl.yelpcdn.com/assets/2/www/img/bd9b7a815d1b/ico/stars/v1/stars_large_3_half.png,2129972262,O'Donoghues Pub,https://s3-media1.fl.yelpcdn.com/assets/2/www/img/2e909d5d3536/ico/stars/v1/stars_small_3_half.png,"{cross_streets:Broadway & 7th Ave,country_code:US,neighborhoods:[Theater District,Midtown West],address:[156 W 44th St],coordinate:{latitude:40.7567825317383,longitude:-73.9852752685547},city:New York,geo_accuracy:8,display_address:[156 W 44th St,Theater District,New York, NY 10036],postal_code:10036,state_code:NY}","[[Pubs,pubs],[Soup,soup],[Venues & Event Spaces,venues]]",o-donoghues-pub-new-york,false
,https://s3-media3.fl.yelpcdn.com/bphoto/iVDCR9BTmhJnKoqWQsZcFA/ms.jpg,4.0,https://m.yelp.com/biz/tipsy-shanghai-new-york?adjust_creative=NucDGu-AyqiKD-J-G5hGWg&utm_campaign=yelp_api&utm_medium=api_v2_search&utm_source=NucDGu-AyqiKD-J-G5hGWg,193,https://www.yelp.com/biz/tipsy-shanghai-new-york?adjust_creative=NucDGu-AyqiKD-J-G5hGWg&utm_campaign=yelp_api&utm_medium=api_v2_search&utm_source=NucDGu-AyqiKD-J-G5hGWg,true,,"Try:Braised Beef NoodlesJiangnan NoodlesShrimp in Lobster SauceHot and Soup Soup (Vegetarian)Come for the 1920s Shanghai trappings, stay for the...",https://s3-media4.fl.yelpcdn.com/assets/2/www/img/c2f3dd9799a5/ico/stars/v1/stars_4.png,https://s3-media2.fl.yelpcdn.com/photo/vlSAYXVim71x7yGhoYecvA/ms.jpg,+1-212-962-2096,https://s3-media2.fl.yelpcdn.com/assets/2/www/img/ccf2b76faa2c/ico/stars/v1/stars_large_4.png,2129622096,Tipsy Shanghai,https://s3-media4.fl.yelpcdn.com/assets/2/www/img/f62a5be2f902/ico/stars/v1/stars_small_4.png,"{cross_streets:Carlisle St & Rector St,country_code:US,neighborhoods:[Financial District],address:[103 Washington St,2nd  Fl],coordinate:{latitude:40.7084192512151,longitude:-74.0141288603204},city:New York,geo_accuracy:9.5,display_address:[103 Washington St,2nd  Fl,Financial District,New York, NY 10006],postal_code:10006,state_code:NY}","[[Shanghainese,shanghainese],[Dim Sum,dimsum],[Soup,soup]]",tipsy-shanghai-new-york,false
1478509291,https://s3-media4.fl.yelpcdn.com/bphoto/94aZSVqQA5yNERtGrzxACQ/ms.jpg,4.0,https://m.yelp.com/biz/holy-guacamole-queens?adjust_creative=NucDGu-AyqiKD-J-G5hGWg&utm_campaign=yelp_api&utm_medium=api_v2_search&utm_source=NucDGu-AyqiKD-J-G5hGWg,31,https://www.yelp.com/biz/holy-guacamole-queens?adjust_creative=NucDGu-AyqiKD-J-G5hGWg&utm_campaign=yelp_api&utm_medium=api_v2_search&utm_source=NucDGu-AyqiKD-J-G5hGWg,false,eat24,"Fish tacos are the key words here. The chicken burrito is good too but wow the crispiness of that fish makes the tacos a winner. I can live without the...",https://s3-media4.fl.yelpcdn.com/assets/2/www/img/c2f3dd9799a5/ico/stars/v1/stars_4.png,https://s3-media2.fl.yelpcdn.com/photo/F_8e_asccjihs8FfiCsywQ/ms.jpg,+1-917-832-7261,https://s3-media2.fl.yelpcdn.com/assets/2/www/img/ccf2b76faa2c/ico/stars/v1/stars_large_4.png,9178327261,Holy Guacamole,https://s3-media4.fl.yelpcdn.com/assets/2/www/img/f62a5be2f902/ico/stars/v1/stars_small_4.png,"{country_code:US,neighborhoods:[Astoria],address:[35-55 31st St],coordinate:{latitude:40.7567674800253,longitude:-73.9294484278188},city:Queens,geo_accuracy:9.5,display_address:[35-55 31st St,Astoria,Queens, NY 11106],postal_code:11106,state_code:NY}","[[Mexican,mexican]]",holy-guacamole-queens,false
,https://s3-media2.fl.yelpcdn.com/bphoto/ZIxQV26augZFfuLgD5_GxA/ms.jpg,4.5,https://m.yelp.com/biz/gristmill-brooklyn?adjust_creative=NucDGu-AyqiKD-J-G5hGWg&utm_campaign=yelp_api&utm_medium=api_v2_search&utm_source=NucDGu-AyqiKD-J-G5hGWg,50,https://www.yelp.com/biz/gristmill-brooklyn?adjust_creative=NucDGu-AyqiKD-J-G5hGWg&utm_campaign=yelp_api&utm_medium=api_v2_search&utm_source=NucDGu-AyqiKD-J-G5hGWg,true,,"My friend, Celia, brought me to this place and my oh my was I blown away!From the moment you walk in, to the second you walk out, the staff was absolultly...",https://s3-media2.fl.yelpcdn.com/assets/2/www/img/99493c12711e/ico/stars/v1/stars_4_half.png,https://s3-media1.fl.yelpcdn.com/photo/WxTtrpw9yv99PZNo7WtIWA/ms.jpg,+1-718-499-2424,https://s3-media4.fl.yelpcdn.com/assets/2/www/img/9f83790ff7f6/ico/stars/v1/stars_large_4_half.png,7184992424,Gristmill,https://s3-media2.fl.yelpcdn.com/assets/2/www/img/a5221e66bc70/ico/stars/v1/stars_small_4_half.png,"{cross_streets:2nd St & 4th Ave,country_code:US,neighborhoods:[Park Slope],address:[289 5th Ave],coordinate:{latitude:40.6736889031443,longitude:-73.9824806441803},city:Brooklyn,geo_accuracy:9.5,display_address:[289 5th Ave,Park Slope,Brooklyn, NY 11215],postal_code:11215,state_code:NY}","[[American (New),newamerican],[Bars,bars]]",gristmill-brooklyn,false
,https://s3-media1.fl.yelpcdn.com/bphoto/38Z_EAb4hXYov5pczQ10cg/ms.jpg,4.0,https://m.yelp.com/biz/brooklyn-bazaar-brooklyn?adjust_creative=NucDGu-AyqiKD-J-G5hGWg&utm_campaign=yelp_api&utm_medium=api_v2_search&utm_source=NucDGu-AyqiKD-J-G5hGWg,190,https://www.yelp.com/biz/brooklyn-bazaar-brooklyn?adjust_creative=NucDGu-AyqiKD-J-G5hGWg&utm_campaign=yelp_api&utm_medium=api_v2_search&utm_source=NucDGu-AyqiKD-J-G5hGWg,true,,"Terrific multi purpose venue to see a show. Located in an old Polish banquet hall which is a land-marked building.Bars, beer, cocktails, food. Dining area...",https://s3-media4.fl.yelpcdn.com/assets/2/www/img/c2f3dd9799a5/ico/stars/v1/stars_4.png,https://s3-media1.fl.yelpcdn.com/photo/99KfB-r1EMqmv5Dn5c0rGA/ms.jpg,,https://s3-media2.fl.yelpcdn.com/assets/2/www/img/ccf2b76faa2c/ico/stars/v1/stars_large_4.png,,Brooklyn Bazaar,https://s3-media4.fl.yelpcdn.com/assets/2/www/img/f62a5be2f902/ico/stars/v1/stars_small_4.png,"{cross_streets:Franklin St & Leonard St,country_code:US,neighborhoods:[Greenpoint],address:[150 Greenpoint Ave],coordinate:{latitude:40.7301329064897,longitude:-73.9547889981813},city:Brooklyn,geo_accuracy:9.5,display_address:[150 Greenpoint Ave,Greenpoint,Brooklyn, NY 11222],postal_code:11222,state_code:NY}","[[Music Venues,musicvenues],[Southern,southern],[Karaoke,karaoke]]",brooklyn-bazaar-brooklyn,false
1477011552,https://s3-media1.fl.yelpcdn.com/bphoto/YLHXVornuo4boCPt6a7qBA/ms.jpg,5.0,https://m.yelp.com/biz/hungry-brooklyn?adjust_creative=NucDGu-AyqiKD-J-G5hGWg&utm_campaign=yelp_api&utm_medium=api_v2_search&utm_source=NucDGu-AyqiKD-J-G5hGWg,23,https://www.yelp.com/biz/hungry-brooklyn?adjust_creative=NucDGu-AyqiKD-J-G5hGWg&utm_campaign=yelp_api&utm_medium=api_v2_search&utm_source=NucDGu-AyqiKD-J-G5hGWg,true,delivery_menu,"*My review will be based on a scale from 1 to 10 as 1 being the lowest and 10 being the highest in all these categories (food, service, atmosphere).*Food:...",https://s3-media1.fl.yelpcdn.com/assets/2/www/img/f1def11e4e79/ico/stars/v1/stars_5.png,https://s3-media1.fl.yelpcdn.com/photo/1tpE0BDyPZwMigcS96p98g/ms.jpg,+1-347-987-3893,https://s3-media3.fl.yelpcdn.com/assets/2/www/img/22affc4e6c38/ico/stars/v1/stars_large_5.png,3479873893,Hungry?,https://s3-media1.fl.yelpcdn.com/assets/2/www/img/c7623205d5cd/ico/stars/v1/stars_small_5.png,"{cross_streets:Lorimer St & Manhattan Ave,country_code:US,neighborhoods:[Greenpoint],address:[77 Norman Ave,Store 1],coordinate:{latitude:40.7253533,longitude:-73.952406},city:Brooklyn,geo_accuracy:8,display_address:[77 Norman Ave,Store 1,Greenpoint,Brooklyn, NY 11222],postal_code:11222,state_code:NY}","[[Cajun/Creole,cajun],[Thai,thai],[American (Traditional),tradamerican]]",hungry-brooklyn,false
,https://s3-media3.fl.yelpcdn.com/bphoto/j0naILdCmo8rx3Ix9aineQ/ms.jpg,4.0,https://m.yelp.com/biz/moms-kitchen-and-bar-astoria?adjust_creative=NucDGu-AyqiKD-J-G5hGWg&utm_campaign=yelp_api&utm_medium=api_v2_search&utm_source=NucDGu-AyqiKD-J-G5hGWg,103,https://www.yelp.com/biz/moms-kitchen-and-bar-astoria?adjust_creative=NucDGu-AyqiKD-J-G5hGWg&utm_campaign=yelp_api&utm_medium=api_v2_search&utm_source=NucDGu-AyqiKD-J-G5hGWg,true,,"Whenever I travel I always want to make it into restaurants with unique food items. This place fit the bill and I kissed my friend for bringing me. I had...",https://s3-media4.fl.yelpcdn.com/assets/2/www/img/c2f3dd9799a5/ico/stars/v1/stars_4.png,https://s3-media1.fl.yelpcdn.com/photo/vHS1rtom8S_3CCMk1vDNaw/ms.jpg,+1-718-267-0142,https://s3-media2.fl.yelpcdn.com/assets/2/www/img/ccf2b76faa2c/ico/stars/v1/stars_large_4.png,7182670142,Mom's Kitchen & Bar,https://s3-media4.fl.yelpcdn.com/assets/2/www/img/f62a5be2f902/ico/stars/v1/stars_small_4.png,"{country_code:US,neighborhoods:[Astoria],address:[30-95 33rd St],coordinate:{latitude:40.7636753,longitude:-73.9215822},city:Astoria,geo_accuracy:8,display_address:[30-95 33rd St,Astoria,Astoria, NY 11102],postal_code:11102,state_code:NY}","[[Bars,bars],[American (Traditional),tradamerican],[Breakfast & Brunch,breakfast_brunch]]",moms-kitchen-and-bar-astoria,false
,https://s3-media1.fl.yelpcdn.com/bphoto/yerj0JC1KCT3z5MC02Qfdw/ms.jpg,5.0,https://m.yelp.com/biz/the-alcove-sunnyside?adjust_creative=NucDGu-AyqiKD-J-G5hGWg&utm_campaign=yelp_api&utm_medium=api_v2_search&utm_source=NucDGu-AyqiKD-J-G5hGWg,158,https://www.yelp.com/biz/the-alcove-sunnyside?adjust_creative=NucDGu-AyqiKD-J-G5hGWg&utm_campaign=yelp_api&utm_medium=api_v2_search&utm_source=NucDGu-AyqiKD-J-G5hGWg,true,,"One of the better establishments in sunnyside, restaurants here are mostly disappointing. Limited seating so may have to be lucky or come early and beat the...",https://s3-media1.fl.yelpcdn.com/assets/2/www/img/f1def11e4e79/ico/stars/v1/stars_5.png,https://s3-media4.fl.yelpcdn.com/photo/8YZbhGxR_N_Qyp66Wlaw7A/ms.jpg,+1-347-813-4159,https://s3-media3.fl.yelpcdn.com/assets/2/www/img/22affc4e6c38/ico/stars/v1/stars_large_5.png,3478134159,The Alcove,https://s3-media1.fl.yelpcdn.com/assets/2/www/img/c7623205d5cd/ico/stars/v1/stars_small_5.png,"{country_code:US,neighborhoods:[Woodside],address:[41-11 49th Street],coordinate:{latitude:40.7460048214421,longitude:-73.9152161277393},city:Sunnyside,geo_accuracy:9.5,display_address:[41-11 49th Street,Woodside,Sunnyside, NY 11104],postal_code:11104,state_code:NY}","[[Gastropubs,gastropubs],[Tapas Bars,tapas]]",the-alcove-sunnyside,false
1472872012,https://s3-media3.fl.yelpcdn.com/bphoto/Rfej-waWX9yStreuKZnW7Q/ms.jpg,4.5,https://m.yelp.com/biz/onderdonk-and-sons-ridgewood?adjust_creative=NucDGu-AyqiKD-J-G5hGWg&utm_campaign=yelp_api&utm_medium=api_v2_search&utm_source=NucDGu-AyqiKD-J-G5hGWg,39,https://www.yelp.com/biz/onderdonk-and-sons-ridgewood?adjust_creative=NucDGu-AyqiKD-J-G5hGWg&utm_campaign=yelp_api&utm_medium=api_v2_search&utm_source=NucDGu-AyqiKD-J-G5hGWg,false,single_platform,"With so many new bars popping up in Ridgewood, its hard to find a nice friendly place. On three separate occasions we walked into Onderdonk & Sons after...",https://s3-media2.fl.yelpcdn.com/assets/2/www/img/99493c12711e/ico/stars/v1/stars_4_half.png,https://s3-media2.fl.yelpcdn.com/photo/TC1y6z5TYP895wVAxoR4fg/ms.jpg,+1-718-555-1212,https://s3-media4.fl.yelpcdn.com/assets/2/www/img/9f83790ff7f6/ico/stars/v1/stars_large_4_half.png,7185551212,Onderdonk & Sons,https://s3-media2.fl.yelpcdn.com/assets/2/www/img/a5221e66bc70/ico/stars/v1/stars_small_4_half.png,"{country_code:US,neighborhoods:[Ridgewood],address:[566 Onderdonk Ave],coordinate:{latitude:40.7053680419922,longitude:-73.9100189208984},city:Ridgewood,geo_accuracy:8,display_address:[566 Onderdonk Ave,Ridgewood,Ridgewood, NY 11385],postal_code:11385,state_code:NY}","[[Cocktail Bars,cocktailbars],[Wine Bars,wine_bars],[Burgers,burgers]]",onderdonk-and-sons-ridgewood,false
1472730776,https://s3-media1.fl.yelpcdn.com/bphoto/qJNkVkHcGWsprlouwX3siw/ms.jpg,4.5,https://m.yelp.com/biz/upstate-new-york-2?adjust_creative=NucDGu-AyqiKD-J-G5hGWg&utm_campaign=yelp_api&utm_medium=api_v2_search&utm_source=NucDGu-AyqiKD-J-G5hGWg,1298,https://www.yelp.com/biz/upstate-new-york-2?adjust_creative=NucDGu-AyqiKD-J-G5hGWg&utm_campaign=yelp_api&utm_medium=api_v2_search&utm_source=NucDGu-AyqiKD-J-G5hGWg,true,single_platform,Actually I stopped by a few weeks ago but never had a chance to try them because that they were busy that day and I have to wait for a long time. But...,https://s3-media2.fl.yelpcdn.com/assets/2/www/img/99493c12711e/ico/stars/v1/stars_4_half.png,https://s3-media2.fl.yelpcdn.com/photo/6s-LNfUfEL5y5M6VWHOB2A/ms.jpg,+1-917-408-3395,https://s3-media4.fl.yelpcdn.com/assets/2/www/img/9f83790ff7f6/ico/stars/v1/stars_large_4_half.png,9174083395,Upstate,https://s3-media2.fl.yelpcdn.com/assets/2/www/img/a5221e66bc70/ico/stars/v1/stars_small_4_half.png,"{country_code:US,neighborhoods:[East Village],address:[95 1st Ave],coordinate:{latitude:40.7263139141197,longitude:-73.9864901976935},city:New York,geo_accuracy:9.5,display_address:[95 1st Ave,East Village,New York, NY 10003],postal_code:10003,state_code:NY}","[[Seafood,seafood]]",upstate-new-york-2,false
1475035953,https://s3-media1.fl.yelpcdn.com/bphoto/MshMK-mZMjkD1b96vn_o1Q/ms.jpg,4.5,https://m.yelp.com/biz/bocadillo-new-york?adjust_creative=NucDGu-AyqiKD-J-G5hGWg&utm_campaign=yelp_api&utm_medium=api_v2_search&utm_source=NucDGu-AyqiKD-J-G5hGWg,40,https://www.yelp.com/biz/bocadillo-new-york?adjust_creative=NucDGu-AyqiKD-J-G5hGWg&utm_campaign=yelp_api&utm_medium=api_v2_search&utm_source=NucDGu-AyqiKD-J-G5hGWg,true,single_platform,"I'm a huge fan! I've had the drool worthy avocado toast, the fresh mozzarella sandwich, jamon serrano, egg & cheese sandwich and the chai latte. Everything...",https://s3-media2.fl.yelpcdn.com/assets/2/www/img/99493c12711e/ico/stars/v1/stars_4_half.png,https://s3-media2.fl.yelpcdn.com/photo/1Rqk4l7VcH5DBv9GTFhT4w/ms.jpg,+1-212-227-4777,https://s3-media4.fl.yelpcdn.com/assets/2/www/img/9f83790ff7f6/ico/stars/v1/stars_large_4_half.png,2122274777,Bocadillo,https://s3-media2.fl.yelpcdn.com/assets/2/www/img/a5221e66bc70/ico/stars/v1/stars_small_4_half.png,"{cross_streets:Edens Aly & Fulton St,country_code:US,neighborhoods:[Financial District],address:[40 Gold St],coordinate:{latitude:40.708724,longitude:-74.005737},city:New York,geo_accuracy:8,display_address:[40 Gold St,Financial District,New York, NY 10038],postal_code:10038,state_code:NY}","[[Sandwiches,sandwiches],[Spanish,spanish],[Tapas/Small Plates,tapasmallplates]]",bocadillo-new-york,false
,https://s3-media2.fl.yelpcdn.com/bphoto/78gMj-tpfLM1kHRq-oXiYw/ms.jpg,4.5,https://m.yelp.com/biz/dutch-freds-new-york-2?adjust_creative=NucDGu-AyqiKD-J-G5hGWg&utm_campaign=yelp_api&utm_medium=api_v2_search&utm_source=NucDGu-AyqiKD-J-G5hGWg,198,https://www.yelp.com/biz/dutch-freds-new-york-2?adjust_creative=NucDGu-AyqiKD-J-G5hGWg&utm_campaign=yelp_api&utm_medium=api_v2_search&utm_source=NucDGu-AyqiKD-J-G5hGWg,true,,"Loved being there tonight. Great vibe, even greater bartenders. Bryan, thanks for the fabulous martini. And Francesco--you are the best for suggesting the...",https://s3-media2.fl.yelpcdn.com/assets/2/www/img/99493c12711e/ico/stars/v1/stars_4_half.png,https://s3-media1.fl.yelpcdn.com/photo/Hm7EhzfSk-_CNVXBfiiYXw/ms.jpg,+1-646-918-6923,https://s3-media4.fl.yelpcdn.com/assets/2/www/img/9f83790ff7f6/ico/stars/v1/stars_large_4_half.png,6469186923,Dutch Freds,https://s3-media2.fl.yelpcdn.com/assets/2/www/img/a5221e66bc70/ico/stars/v1/stars_small_4_half.png,"{cross_streets:9th Ave & 8th Ave,country_code:US,neighborhoods:[Theater District,Midtown West,Hell's Kitchen],address:[307 W 47th St],coordinate:{latitude:40.7608184814453,longitude:-73.9878463745117},city:New York,geo_accuracy:8,display_address:[307 W 47th St,Theater District,New York, NY 10036],postal_code:10036,state_code:NY}","[[Cocktail Bars,cocktailbars],[Tapas/Small Plates,tapasmallplates],[American (New),newamerican]]",dutch-freds-new-york-2,false
1477982608,https://s3-media1.fl.yelpcdn.com/bphoto/OIgpblag4K9KJiNCQ6eHYw/ms.jpg,5.0,https://m.yelp.com/biz/rabbit-house-new-york?adjust_creative=NucDGu-AyqiKD-J-G5hGWg&utm_campaign=yelp_api&utm_medium=api_v2_search&utm_source=NucDGu-AyqiKD-J-G5hGWg,29,https://www.yelp.com/biz/rabbit-house-new-york?adjust_creative=NucDGu-AyqiKD-J-G5hGWg&utm_campaign=yelp_api&utm_medium=api_v2_search&utm_source=NucDGu-AyqiKD-J-G5hGWg,true,single_platform,I went here last night for dinner and was pleasantly surprised with the warm welcome we received from the chef as well as the out of the ordinary dishes for...,https://s3-media1.fl.yelpcdn.com/assets/2/www/img/f1def11e4e79/ico/stars/v1/stars_5.png,https://s3-media2.fl.yelpcdn.com/photo/TrTItehXIqW9slufh9hqjA/ms.jpg,+1-212-343-4200,https://s3-media3.fl.yelpcdn.com/assets/2/www/img/22affc4e6c38/ico/stars/v1/stars_large_5.png,2123434200,Rabbit House,https://s3-media1.fl.yelpcdn.com/assets/2/www/img/c7623205d5cd/ico/stars/v1/stars_small_5.png,"{cross_streets:Canal St & Hester St,country_code:US,neighborhoods:[Lower East Side],address:[76 Forsyth St],coordinate:{latitude:40.717205,longitude:-73.993133},city:New York,geo_accuracy:8,display_address:[76 Forsyth St,Lower East Side,New York, NY 10002],postal_code:10002,state_code:NY}","[[Japanese,japanese],[Tapas Bars,tapas]]",rabbit-house-new-york,false
,https://s3-media3.fl.yelpcdn.com/bphoto/XiPb9DumjXeOPVpQvg0sbA/ms.jpg,4.0,https://m.yelp.com/biz/takumen-long-island-city?adjust_creative=NucDGu-AyqiKD-J-G5hGWg&utm_campaign=yelp_api&utm_medium=api_v2_search&utm_source=NucDGu-AyqiKD-J-G5hGWg,42,https://www.yelp.com/biz/takumen-long-island-city?adjust_creative=NucDGu-AyqiKD-J-G5hGWg&utm_campaign=yelp_api&utm_medium=api_v2_search&utm_source=NucDGu-AyqiKD-J-G5hGWg,true,,"What a great addition to the neighborhood. I first thought it was just a coffee shop because of the coffee/pastry store front - I was wrong. We came here...",https://s3-media4.fl.yelpcdn.com/assets/2/www/img/c2f3dd9799a5/ico/stars/v1/stars_4.png,https://s3-media2.fl.yelpcdn.com/photo/y9B--aE1sUMkWOHlBZ3XbA/ms.jpg,+1-718-361-7973,https://s3-media2.fl.yelpcdn.com/assets/2/www/img/ccf2b76faa2c/ico/stars/v1/stars_large_4.png,7183617973,Takumen,https://s3-media4.fl.yelpcdn.com/assets/2/www/img/f62a5be2f902/ico/stars/v1/stars_small_4.png,"{country_code:US,neighborhoods:[Hunters Point,Long Island City],address:[5-50 50th Avenue],coordinate:{latitude:40.74259,longitude:-73.9546699},city:Long Island City,geo_accuracy:8,display_address:[5-50 50th Avenue,Hunters Point,Long Island City, NY 11101],postal_code:11101,state_code:NY}","[[Japanese,japanese],[Coffee & Tea,coffee]]",takumen-long-island-city,false
,https://s3-media2.fl.yelpcdn.com/bphoto/Rrtsi0d4NZ-RR91UPRn7MQ/ms.jpg,4.5,https://m.yelp.com/biz/thursday-kitchen-new-york?adjust_creative=NucDGu-AyqiKD-J-G5hGWg&utm_campaign=yelp_api&utm_medium=api_v2_search&utm_source=NucDGu-AyqiKD-J-G5hGWg,167,https://www.yelp.com/biz/thursday-kitchen-new-york?adjust_creative=NucDGu-AyqiKD-J-G5hGWg&utm_campaign=yelp_api&utm_medium=api_v2_search&utm_source=NucDGu-AyqiKD-J-G5hGWg,true,,"Thursday Kitchen on a Saturday with my friend at 6:30pm with no wait, but it was starting to fill up.Highlights:Friendly and attentive staffFood-Eel &...",https://s3-media2.fl.yelpcdn.com/assets/2/www/img/99493c12711e/ico/stars/v1/stars_4_half.png,https://s3-media1.fl.yelpcdn.com/photo/Hz0BmrnQ9139CIS6ZTCc2Q/ms.jpg,+1-646-755-8088,https://s3-media4.fl.yelpcdn.com/assets/2/www/img/9f83790ff7f6/ico/stars/v1/stars_large_4_half.png,6467558088,Thursday Kitchen,https://s3-media2.fl.yelpcdn.com/assets/2/www/img/a5221e66bc70/ico/stars/v1/stars_small_4_half.png,"{cross_streets:East 9th St & Avenue A,country_code:US,neighborhoods:[East Village,Alphabet City],address:[424 E 9th St],coordinate:{latitude:40.7275047302246,longitude:-73.9838027954102},city:New York,geo_accuracy:8,display_address:[424 E 9th St,East Village,New York, NY 10009],postal_code:10009,state_code:NY}","[[Korean,korean],[American (New),newamerican],[Tapas/Small Plates,tapasmallplates]]",thursday-kitchen-new-york,false
1472899518,https://s3-media1.fl.yelpcdn.com/bphoto/l_hihX7b8pz2mcaHDnjwvQ/ms.jpg,4.5,https://m.yelp.com/biz/chikarashi-new-york?adjust_creative=NucDGu-AyqiKD-J-G5hGWg&utm_campaign=yelp_api&utm_medium=api_v2_search&utm_source=NucDGu-AyqiKD-J-G5hGWg,244,https://www.yelp.com/biz/chikarashi-new-york?adjust_creative=NucDGu-AyqiKD-J-G5hGWg&utm_campaign=yelp_api&utm_medium=api_v2_search&utm_source=NucDGu-AyqiKD-J-G5hGWg,true,single_platform,"Stumbled into this place by accident and enjoyed a delicious bowl of seared hamachi special of the day.While it is on the pricy side of Chinatown...",https://s3-media2.fl.yelpcdn.com/assets/2/www/img/99493c12711e/ico/stars/v1/stars_4_half.png,https://s3-media1.fl.yelpcdn.com/photo/VEAswbd3FDv2QiIBQC2ctQ/ms.jpg,+1-646-649-5965,https://s3-media4.fl.yelpcdn.com/assets/2/www/img/9f83790ff7f6/ico/stars/v1/stars_large_4_half.png,6466495965,Chikarashi,https://s3-media2.fl.yelpcdn.com/assets/2/www/img/a5221e66bc70/ico/stars/v1/stars_small_4_half.png,"{cross_streets:Baxter St & Centre St,country_code:US,neighborhoods:[Chinatown],address:[227 Canal St],coordinate:{latitude:40.71787,longitude:-73.99948},city:New York,geo_accuracy:8,display_address:[227 Canal St,Chinatown,New York, NY 10013],postal_code:10013,state_code:NY}","[[Japanese,japanese],[Hawaiian,hawaiian],[Poke,poke]]",chikarashi-new-york,false
1476369194,https://s3-media1.fl.yelpcdn.com/bphoto/u3HGGLmOYaKUlmI_jb2ZHw/ms.jpg,4.5,https://m.yelp.com/biz/midwinter-kitchen-new-york?adjust_creative=NucDGu-AyqiKD-J-G5hGWg&utm_campaign=yelp_api&utm_medium=api_v2_search&utm_source=NucDGu-AyqiKD-J-G5hGWg,95,https://www.yelp.com/biz/midwinter-kitchen-new-york?adjust_creative=NucDGu-AyqiKD-J-G5hGWg&utm_campaign=yelp_api&utm_medium=api_v2_search&utm_source=NucDGu-AyqiKD-J-G5hGWg,true,single_platform,"5/5!! Best pancakes I've ever had....ever... I'll be dreaming of it.For sure coming back!",https://s3-media2.fl.yelpcdn.com/assets/2/www/img/99493c12711e/ico/stars/v1/stars_4_half.png,https://s3-media4.fl.yelpcdn.com/photo/qV_grl2050bJW2vjD19anw/ms.jpg,+1-212-505-8500,https://s3-media4.fl.yelpcdn.com/assets/2/www/img/9f83790ff7f6/ico/stars/v1/stars_large_4_half.png,2125058500,Midwinter Kitchen,https://s3-media2.fl.yelpcdn.com/assets/2/www/img/a5221e66bc70/ico/stars/v1/stars_small_4_half.png,"{cross_streets:19th St & 18th St,country_code:US,neighborhoods:[Gramercy],address:[327 2nd Ave],coordinate:{latitude:40.73542,longitude:-73.98293},city:New York,geo_accuracy:8,display_address:[327 2nd Ave,Gramercy,New York, NY 10003],postal_code:10003,state_code:NY}","[[Comfort Food,comfortfood],[Breakfast & Brunch,breakfast_brunch]]",midwinter-kitchen-new-york,false
,https://s3-media4.fl.yelpcdn.com/bphoto/JOld1GBLQhFimK3e4PAdTw/ms.jpg,4.5,https://m.yelp.com/biz/simple-new-york-2?adjust_creative=NucDGu-AyqiKD-J-G5hGWg&utm_campaign=yelp_api&utm_medium=api_v2_search&utm_source=NucDGu-AyqiKD-J-G5hGWg,117,https://www.yelp.com/biz/simple-new-york-2?adjust_creative=NucDGu-AyqiKD-J-G5hGWg&utm_campaign=yelp_api&utm_medium=api_v2_search&utm_source=NucDGu-AyqiKD-J-G5hGWg,true,,"I had my first poke bowl here, and I instantly understood the craze. I got the salmon bowl with salad base (no extra charge!), which was amazing! The sauce...",https://s3-media2.fl.yelpcdn.com/assets/2/www/img/99493c12711e/ico/stars/v1/stars_4_half.png,https://s3-media3.fl.yelpcdn.com/photo/P4V_cFGop5dSD9tLnKRHqA/ms.jpg,+1-646-870-8292,https://s3-media4.fl.yelpcdn.com/assets/2/www/img/9f83790ff7f6/ico/stars/v1/stars_large_4_half.png,6468708292,Simple,https://s3-media2.fl.yelpcdn.com/assets/2/www/img/a5221e66bc70/ico/stars/v1/stars_small_4_half.png,"{cross_streets:Broome St & Grand St,country_code:US,neighborhoods:[Lower East Side],address:[109 Eldridge St],coordinate:{latitude:40.718208,longitude:-73.992225},city:New York,geo_accuracy:8,display_address:[109 Eldridge St,Lower East Side,New York, NY 10002],postal_code:10002,state_code:NY}","[[Japanese,japanese],[American (New),newamerican],[Hawaiian,hawaiian]]",simple-new-york-2,false
